{"cameraMode":{"drawMode":0,"name":"Shaded","section":"Shading Mode"},"sceneLighting":true,"audioPlay":false,"sceneViewState":{"showFog":true,"showMaterialUpdate":false,"showSkybox":true,"showFlares":true,"showImageEffects":true,"showParticleSystems":true},"in2DMode":false,"pivot":{"x":-0.29234588146209719,"y":0.059285879135131839,"z":8.754451751708985},"rotation":{"x":-0.4458248019218445,"y":-0.026312481611967088,"z":0.013112254440784455,"w":-0.8946391344070435},"size":14.340559005737305,"orthographic":false}